INSERT INTO [blg].[Category] ([Id], [Name], [Description]) VALUES (N'd4d99022-04a5-43ed-982e-b4741adc6478', N'General', N'General info topics')
INSERT INTO [blg].[Category] ([Id], [Name], [Description]) VALUES (N'09a8afe4-d726-43f6-9878-41ca1a4d5b39', N'Software Delivery', N'Blogs on topics like Continuous Delivery, DevOps Cultures, Automation, Continuous Improvement, Software Engineering Practices and all things Software Delivery')
INSERT INTO [blg].[Category] ([Id], [Name], [Description]) VALUES (N'fc3cb34b-53c9-4342-a139-9ecf6b134008', N'Workstation Setup', N'Blogs on setting up my workstation')

INSERT INTO [blg].[Tag] ([Id], [Name], [Description]) VALUES (N'313135f2-aa40-481b-9646-0e30052b5462', N'.NET', N'Microsoft .Net Framework')
INSERT INTO [blg].[Tag] ([Id], [Name], [Description]) VALUES (N'2a0b3209-f46c-45fe-b7d6-8824a09f9504', N'PowerShell', N'PowerShell Core and Windows PowerShell')
INSERT INTO [blg].[Tag] ([Id], [Name], [Description]) VALUES (N'f7e79415-98c9-46ab-a51e-7afd7fbd9c8a', N'ASP.NET', N'Microsoft ASP.NET')
INSERT INTO [blg].[Tag] ([Id], [Name], [Description]) VALUES (N'45485ccf-cc1c-40c2-ac9b-c74a17cc2711', N'Windows', N'Windows Operating System')
INSERT INTO [blg].[Tag] ([Id], [Name], [Description]) VALUES (N'73dd1c87-742e-4154-b88d-7c2077b90151', N'UNIX', N'Unix based Operating System')
INSERT INTO [blg].[Tag] ([Id], [Name], [Description]) VALUES (N'03bbd02b-0b2c-4eff-9874-8561b8bbcafa', N'Linux', N'Linux Operating System')
INSERT INTO [blg].[Tag] ([Id], [Name], [Description]) VALUES (N'f5bc44bf-f42e-447d-8bed-ee6aa59061e3', N'Python', N'Python scripting language')
INSERT INTO [blg].[Tag] ([Id], [Name], [Description]) VALUES (N'f4547542-2b7f-4f9e-8a30-01850657a6b2', N'Azure', N'Azure Cloud')
INSERT INTO [blg].[Tag] ([Id], [Name], [Description]) VALUES (N'79adf12b-1c17-42c9-9d44-5cce1b9f3c82', N'Ansible', N'Ansible Automation')
INSERT INTO [blg].[Tag] ([Id], [Name], [Description]) VALUES (N'6961e675-7008-46a5-a75d-1c473ada45ea', N'Git', N'Git Source Control')

INSERT INTO [blg].[Post] ([Id], [Title], [ShortDescription], [Description], [Content], [Published], [PostedOn], [Modified], [Category_Id], [UrlSlug]) VALUES (N'30c34d37-a663-4879-a294-e1b78431d611', N'Libraries', N'Libraries you may like', N'This section lists libraries I often use. These range from logging frameworks to testing tools used for testing / mocking etc.', N'Libraries', 1, N'2015-03-31 00:00:00', N'2015-03-31 00:00:00', N'fc3cb34b-53c9-4342-a139-9ecf6b134008', N'Libraries')
INSERT INTO [blg].[Post] ([Id], [Title], [ShortDescription], [Description], [Content], [Published], [PostedOn], [Modified], [Category_Id], [UrlSlug]) VALUES (N'2d5076c0-dee7-4dbd-b355-320f28b8f3ce', N'Links', N'Useful links and resources', N'Links to External Articles / Resources.', N'Links', 1, N'2015-03-31 00:00:00', N'2015-03-31 00:00:00', N'd4d99022-04a5-43ed-982e-b4741adc6478', N'Links')
INSERT INTO [blg].[Post] ([Id], [Title], [ShortDescription], [Description], [Content], [Published], [PostedOn], [Modified], [Category_Id], [UrlSlug]) VALUES (N'26d005b9-5505-4646-9194-cd8358817ac8', N'Tools', N'My favourite software tools', N'This section lists the tools I frequently use. Some are development tools others utility tools making general day to day working easier.', N'Tools', 1, N'2015-03-31 00:00:00', N'2015-03-31 00:00:00', N'fc3cb34b-53c9-4342-a139-9ecf6b134008', N'Tools')
INSERT INTO [blg].[Post] ([Id], [Title], [ShortDescription], [Description], [Content], [Published], [PostedOn], [Modified], [Category_Id], [UrlSlug]) VALUES (N'0b7fe257-0429-4da1-94a2-89dbaa0aa583', N'PowerShell Grep', N'Grep for Windows PowerShell.', N'Need more...', N'PowerShellGrep', 1, N'2015-05-31 00:00:00', N'2015-05-31 00:00:00', N'fc3cb34b-53c9-4342-a139-9ecf6b134008', N'PowerShellGrep')
INSERT INTO [blg].[Post] ([Id], [Title], [ShortDescription], [Description], [Content], [Published], [PostedOn], [Modified], [Category_Id], [UrlSlug]) VALUES (N'ca8d885a-3a24-4c5b-bb33-61a7956b8996', N'PowerShell Remoting', N'Enable and work with powershell remoting.', N'This section talks about how to enable and work with powershell remoting.', N'PowerShellRemoting', 1, N'2015-05-31 00:00:00', N'2015-05-31 00:00:00', N'fc3cb34b-53c9-4342-a139-9ecf6b134008', N'PowerShellRemoting')
INSERT INTO [blg].[Post] ([Id], [Title], [ShortDescription], [Description], [Content], [Published], [PostedOn], [Modified], [Category_Id], [UrlSlug]) VALUES (N'd1ef2a8d-07bd-49cf-a785-a727567e9fc9', N'WSL and Ansible', N'Setting up WSL with Ansible.', N'How to setup Ansible on Windows Subsystem for Linux.', N'WslAnsible', 1, N'2019-10-09 00:00:00', N'2019-10-09 00:00:00', N'fc3cb34b-53c9-4342-a139-9ecf6b134008', N'WslAnsible')
INSERT INTO [blg].[Post] ([Id], [Title], [ShortDescription], [Description], [Content], [Published], [PostedOn], [Modified], [Category_Id], [UrlSlug]) VALUES (N'3e54714a-521d-484c-871c-a85ab52642ea', N'Trunk Based Development', N'Trunk Based Development', N'Trunk Based Development.', N'TrunkBasedDev', 1, N'2021-10-11 00:00:00', N'2021-10-11 00:00:00', N'09a8afe4-d726-43f6-9878-41ca1a4d5b39', N'TrunkBasedDev')

INSERT INTO [blg].[PostTag] ([Post_Id], [Tag_Id]) VALUES (N'0b7fe257-0429-4da1-94a2-89dbaa0aa583', N'2a0b3209-f46c-45fe-b7d6-8824a09f9504')
INSERT INTO [blg].[PostTag] ([Post_Id], [Tag_Id]) VALUES (N'0b7fe257-0429-4da1-94a2-89dbaa0aa583', N'45485ccf-cc1c-40c2-ac9b-c74a17cc2711')
INSERT INTO [blg].[PostTag] ([Post_Id], [Tag_Id]) VALUES (N'ca8d885a-3a24-4c5b-bb33-61a7956b8996', N'2a0b3209-f46c-45fe-b7d6-8824a09f9504')
INSERT INTO [blg].[PostTag] ([Post_Id], [Tag_Id]) VALUES (N'ca8d885a-3a24-4c5b-bb33-61a7956b8996', N'45485ccf-cc1c-40c2-ac9b-c74a17cc2711')
INSERT INTO [blg].[PostTag] ([Post_Id], [Tag_Id]) VALUES (N'd1ef2a8d-07bd-49cf-a785-a727567e9fc9', N'2a0b3209-f46c-45fe-b7d6-8824a09f9504')
INSERT INTO [blg].[PostTag] ([Post_Id], [Tag_Id]) VALUES (N'd1ef2a8d-07bd-49cf-a785-a727567e9fc9', N'45485ccf-cc1c-40c2-ac9b-c74a17cc2711')
INSERT INTO [blg].[PostTag] ([Post_Id], [Tag_Id]) VALUES (N'd1ef2a8d-07bd-49cf-a785-a727567e9fc9', N'73dd1c87-742e-4154-b88d-7c2077b90151')
INSERT INTO [blg].[PostTag] ([Post_Id], [Tag_Id]) VALUES (N'd1ef2a8d-07bd-49cf-a785-a727567e9fc9', N'03bbd02b-0b2c-4eff-9874-8561b8bbcafa')
INSERT INTO [blg].[PostTag] ([Post_Id], [Tag_Id]) VALUES (N'd1ef2a8d-07bd-49cf-a785-a727567e9fc9', N'79adf12b-1c17-42c9-9d44-5cce1b9f3c82')
INSERT INTO [blg].[PostTag] ([Post_Id], [Tag_Id]) VALUES (N'3e54714a-521d-484c-871c-a85ab52642ea', N'6961e675-7008-46a5-a75d-1c473ada45ea')